Model,Accuracy,Balanced_Accuracy,Precision,Recall,F1,ROC_AUC,PR_AUC,MCC,Kappa,Log_Loss,Brier
Dummy_Baseline,0.5097783572359843,0.5,0.5097783572359843,1.0,0.6753022452504318,0.5,0.5097783572359843,0.0,0.0,6.772662791113363,0.49022164276401564
DT_FeatureEngineered,0.5267275097783573,0.5209092887848942,0.5228758169934641,0.8184143222506394,0.638085742771685,0.516760080535452,0.5199573396677083,0.052060699309537994,0.04229542819993337,0.870134697775683,0.25681620892003487
DT_Baseline,0.5254237288135594,0.5253441802252816,0.5348837209302325,0.5294117647058824,0.532133676092545,0.527462997224792,0.5153225026344321,0.05068077696522054,0.05067801912326764,2.779004461464437,0.3563026373534368
RF_Baseline,0.5032594524119948,0.5030949012352397,0.5128205128205128,0.5115089514066496,0.5121638924455826,0.5137638080208956,0.5164969060229573,0.00618950777110672,0.0061894867147087584,0.7017476013038376,0.25395603278267587
RF_FeatureEngineered,0.5254237288135594,0.5262114327692224,0.5382436260623229,0.4859335038363171,0.510752688172043,0.5284186755183109,0.5289400622097803,0.0525793889393737,0.052321437057453735,0.6966407126431337,0.2516802261271188
